date,covid_count,covid-19_count,coronavirus_count,covid_economy_count,covid_job_count,covid_cash_count,covid_money_count,covid_blm_count,covid_biden_count,covid_trump_count,covid_election_count,covid_china_count,covid_mask_count,covid_shutdown_count,covid_test_count,covid_sad_count,covid_depressed_count,covid_depressing_count,covid_hopeless_count,covid_bored_count,covid_death_count,covid_fatality_count,covid_vaccine_count,covid_breath_count,covid_chills_count,covid_cough_count,covid_fatigue_count,covid_fever_count,covid_headache_count,covid_shortness_count,covid_smell_count,covid_sore_count,covid_taste_count,total_test_increase,death_increase,positive_increase
2020-03-03,6455,5381,20437,95,101,21,92,1,20,203,39,701,430,2,1283,30,2,1,3,1,399,192,390,55,13,172,20,178,20,37,3,43,5,266,3,48
2020-03-04,6672,5561,20886,96,123,21,113,0,53,151,41,683,306,6,1381,19,4,4,0,3,402,154,325,65,9,173,21,174,13,40,3,28,5,1119,2,139
2020-03-05,7434,6181,21201,116,108,24,113,0,35,219,28,720,310,4,1680,15,3,3,2,4,496,160,341,55,5,172,15,165,14,38,5,32,6,641,4,107
2020-03-06,8186,6732,22031,117,148,42,158,0,31,203,32,773,405,10,1852,35,5,3,2,3,495,175,348,76,17,233,24,221,24,57,2,48,6,873,6,112
2020-03-07,8077,6530,20570,116,115,15,120,0,27,207,41,579,316,8,2120,28,3,3,0,5,538,185,395,68,11,201,12,198,13,51,7,46,8,919,1,178
2020-03-08,8340,6778,20256,111,154,18,119,0,29,298,49,679,323,13,1866,25,2,7,0,4,465,154,361,74,15,252,20,238,20,42,2,53,1,935,4,198
2020-03-09,10814,8726,26507,238,193,48,221,0,55,457,66,839,357,15,2117,39,4,5,0,0,519,126,453,89,32,270,37,272,34,69,5,74,10,1894,4,292
2020-03-10,14309,11592,32203,263,252,41,256,0,80,461,78,985,513,22,2750,46,8,3,1,8,720,199,540,99,16,386,37,378,24,68,8,85,13,2676,2,387
2020-03-11,17533,13978,37896,326,316,49,293,0,194,598,113,1091,510,36,3355,81,10,9,6,11,869,220,555,166,24,451,43,445,36,111,8,101,14,4028,6,509
2020-03-12,27257,21358,59027,386,455,88,498,0,176,1028,113,1629,607,67,5402,107,13,10,5,14,1065,264,886,220,51,678,63,653,62,135,14,151,9,5793,8,671
2020-03-13,29327,22716,53646,382,625,98,545,3,151,1315,139,1565,635,68,6150,132,16,15,2,19,1019,286,937,253,44,713,56,715,70,176,11,171,18,10334,4,1072
2020-03-14,24019,18247,41490,234,527,75,400,1,84,936,82,1265,583,71,5204,102,9,9,5,26,772,197,699,210,38,604,57,641,51,132,9,135,18,5722,9,924
2020-03-15,24567,18678,40221,294,599,67,426,0,98,789,101,1192,677,61,4754,96,13,15,4,23,859,192,743,243,52,590,69,638,53,154,20,159,21,8300,15,1291
2020-03-16,29045,22008,43254,407,815,108,532,0,281,770,139,1316,697,97,5003,138,36,15,5,30,1012,202,890,236,49,686,71,728,66,144,27,145,33,20123,21,1748
2020-03-17,30052,22470,41485,468,906,176,600,3,150,883,143,1446,733,103,5415,127,41,16,5,34,929,203,849,257,48,654,83,729,63,166,22,180,30,18441,23,2588
2020-03-18,33479,24834,41032,599,1158,169,792,2,294,1059,162,1640,900,134,6122,132,56,21,10,53,1045,198,992,259,29,667,77,722,70,163,35,158,56,27809,32,3089
2020-03-19,33258,24256,41238,580,1244,188,776,0,160,1076,129,1807,992,129,5959,152,42,10,9,64,1017,166,735,267,55,677,56,716,68,148,40,158,35,30168,48,4651
2020-03-20,32567,23370,39942,504,1402,152,697,3,138,1040,147,1538,1129,122,5325,140,56,19,9,55,1048,186,710,247,43,637,73,650,67,140,45,151,60,39905,69,6147
2020-03-21,29961,21021,35226,495,1190,138,736,0,129,935,79,1522,1035,110,5164,139,51,17,10,55,1056,188,648,264,45,619,89,636,69,144,63,138,58,47414,62,6793
2020-03-22,29534,20546,35121,520,1108,154,644,1,152,925,94,1472,1151,144,4849,136,52,13,8,60,993,197,647,237,18,517,49,495,59,136,90,123,72,47221,146,9125
2020-03-23,32509,22499,35080,595,1334,164,739,0,153,1012,111,1480,1177,139,5299,153,55,25,15,70,1182,215,720,218,49,588,52,588,70,116,155,144,118,60629,101,11439
2020-03-24,34108,23444,35362,942,1405,187,843,2,133,1561,165,1485,1205,195,5404,192,61,29,12,55,1349,246,704,273,41,540,63,602,64,123,110,141,98,69185,234,10769
2020-03-25,34246,23044,34642,856,1538,172,982,3,189,1344,155,1311,1164,202,5123,164,48,15,8,74,1385,253,704,232,30,512,64,595,51,121,221,93,186,82609,235,12908
2020-03-26,34765,23084,34613,808,1541,213,1004,1,150,1289,137,1578,1140,163,5532,175,39,25,9,63,1433,239,615,287,31,513,54,553,84,120,140,130,114,103818,320,17720
2020-03-27,35726,23266,34350,800,1464,247,976,2,153,1308,130,1794,1249,152,6043,209,52,26,10,51,1610,242,707,259,32,554,77,538,55,132,156,116,135,102415,406,19128
2020-03-28,31234,21150,30014,561,1285,177,786,1,156,1133,131,1453,1147,115,4871,177,45,24,7,44,1374,178,581,229,30,400,49,414,58,118,79,81,69,105158,538,19692
2020-03-29,31198,20507,29104,492,1138,140,765,1,138,981,110,1498,1199,91,4384,140,55,21,5,60,1287,163,566,207,26,390,50,429,57,107,79,110,73,85907,521,19581
2020-03-30,33743,22053,29037,552,1397,163,823,2,147,1220,114,1643,1347,119,4646,177,47,27,7,109,1406,195,642,202,33,422,45,411,49,91,108,98,92,119396,589,22042
2020-03-31,33452,21747,28039,518,1416,163,824,3,169,1034,142,1290,1629,117,4526,187,47,25,8,59,1269,171,647,218,24,422,49,439,41,115,109,87,93,116183,890,24853
2020-04-01,32930,20955,27960,553,1506,168,909,3,108,1063,106,1487,1478,144,4783,179,41,26,5,72,1365,156,644,220,26,386,65,435,61,99,105,94,100,109215,1010,25791
2020-04-02,34357,21336,29682,594,1611,171,990,1,147,1245,147,1536,1819,127,4531,185,47,21,4,67,1410,144,857,182,26,381,52,401,45,86,103,88,113,121237,1172,28060
2020-04-03,33884,20587,29018,578,1637,166,980,4,138,1364,150,1514,1859,134,4469,216,56,14,8,61,1394,174,856,214,23,373,45,349,50,73,95,82,91,133020,1286,32076
2020-04-04,30035,18063,25004,482,1535,160,856,0,107,1158,159,1223,1761,91,3633,156,44,21,14,62,1163,113,711,188,26,363,43,330,37,76,78,66,76,228797,1482,33212
2020-04-05,29517,17738,23869,478,1336,128,839,2,160,1131,139,1159,1453,93,3749,196,42,23,8,69,1382,106,724,166,16,300,31,301,34,58,88,69,89,120338,1340,25500
2020-04-06,34971,20975,26258,564,1418,175,972,4,145,1753,200,1241,1386,95,4417,171,53,21,14,57,1613,135,781,240,27,374,51,406,40,88,106,80,94,158038,1318,29002
2020-04-07,33152,19869,24981,574,1553,161,1084,3,171,1415,244,1083,1316,127,4584,178,59,23,9,70,1445,145,890,204,28,341,49,357,52,95,78,60,77,156254,2024,30885
2020-04-08,32371,19010,25041,616,1940,151,1099,4,538,1678,340,1429,1151,114,4137,213,58,20,13,75,1674,134,764,171,15,283,39,313,47,83,72,63,88,150512,2010,30677
2020-04-09,31953,18536,22947,648,2000,190,1118,0,346,1294,226,1138,1047,108,4395,175,63,21,11,64,1905,165,848,182,20,292,35,303,41,83,90,63,71,172182,2043,34503
2020-04-10,28320,16156,21217,646,1697,159,961,5,221,1120,163,1035,983,132,3805,181,53,19,4,73,1433,147,866,133,18,230,44,280,40,63,81,59,87,158531,2108,34380
2020-04-11,25852,14554,19520,603,1480,143,884,4,106,965,133,1011,893,107,3677,159,44,14,8,39,1475,124,758,160,25,245,45,312,35,82,60,69,77,139032,2055,30501
2020-04-12,24784,13961,18774,596,1471,143,832,2,152,970,147,1014,914,108,3518,145,45,18,12,46,1250,108,853,145,21,230,42,280,45,78,63,88,69,135982,1703,27784
2020-04-13,27971,15865,19897,707,1758,177,912,2,229,1192,152,1194,896,122,4162,199,47,16,15,41,1397,171,992,141,23,214,51,277,41,55,109,67,100,138321,1644,25195
2020-04-14,28265,15683,19995,820,1721,204,1064,6,214,1204,159,1176,887,147,4204,208,48,20,9,58,1482,162,888,131,20,227,47,259,28,45,125,61,132,158841,2336,25719
2020-04-15,30611,16825,23604,904,1893,203,1159,2,192,1717,198,1662,1188,141,4426,186,42,22,12,42,1614,153,1028,124,16,242,34,248,40,40,69,59,75,143881,2544,30307
2020-04-16,29964,16544,22796,862,1868,209,1161,6,154,1293,172,1461,1179,188,4368,189,47,23,12,69,1607,154,986,117,14,224,38,255,30,49,71,54,73,166159,2200,30978
2020-04-17,28905,15554,19940,863,1604,182,1121,4,177,1160,193,1363,995,172,4604,187,45,25,10,68,1687,176,964,139,16,186,33,229,28,49,69,56,56,164877,2120,32024
2020-04-18,26717,14117,17336,689,1464,156,915,2,111,903,138,941,985,131,4064,182,40,26,12,64,1456,170,937,133,25,221,41,209,24,41,67,39,71,145392,1893,27907
2020-04-19,27409,14277,17802,710,1631,166,1028,8,123,951,155,1029,1046,141,3943,181,50,22,16,70,1687,192,921,147,15,229,42,242,32,49,62,51,75,153257,1772,27387
2020-04-20,28698,15065,18745,948,1609,163,1101,7,109,1035,177,970,924,179,4013,176,59,12,9,55,1684,213,1219,122,12,184,37,223,40,52,51,55,62,151747,1798,25897
2020-04-21,30008,15686,19701,1028,1720,204,1127,8,108,1199,172,1069,976,195,4427,217,70,17,8,68,1790,265,1157,127,16,189,42,202,16,49,50,44,71,159256,2467,26367
2020-04-22,31810,16545,20392,898,1643,188,1134,4,107,1226,158,1169,988,221,5015,171,57,20,7,56,1962,246,1083,178,32,307,65,325,54,73,103,79,100,335584,2098,28959
2020-04-23,30178,15379,18937,772,1661,195,1197,9,104,1010,141,996,1038,180,4527,201,59,18,8,61,1751,210,1089,155,19,214,40,228,35,69,62,53,64,193564,1791,31812
2020-04-24,29745,15162,19605,758,1397,148,944,2,138,1931,167,837,941,159,4216,187,51,22,11,51,1577,195,934,152,26,288,36,286,54,64,76,66,89,241084,1895,34231
2020-04-25,24242,12262,16248,634,1207,169,815,0,124,1247,128,791,913,118,3186,157,49,21,8,44,1294,152,813,103,8,174,28,174,33,34,44,36,54,278564,1748,35889
2020-04-26,24131,12132,15500,580,1258,132,864,2,113,874,95,754,987,117,3168,161,51,27,9,47,1418,146,762,105,14,140,26,152,27,31,58,43,61,203654,1215,27310
2020-04-27,27650,13766,16927,704,1417,164,1104,2,141,997,136,813,1138,153,3720,186,52,23,11,49,1725,201,1005,147,20,177,39,201,43,63,85,56,96,201701,1270,22708
2020-04-28,28856,14471,16639,815,1431,176,1081,4,153,1186,165,942,1116,154,4063,188,59,30,13,65,1888,216,1041,129,22,181,37,185,37,47,64,39,54,213283,2072,25280
2020-04-29,28545,14014,16179,824,1694,193,1104,8,137,1025,160,962,1202,151,4173,176,55,22,9,40,1903,198,1091,117,14,173,39,188,31,40,55,55,64,241039,2713,26168
2020-04-30,28868,14317,16136,899,1567,187,1227,4,193,1022,220,1004,1090,215,4002,163,65,20,13,43,2121,213,1046,112,20,153,35,169,27,31,52,47,56,248118,2140,29975
2020-05-01,26733,12832,15095,856,1502,150,1099,2,130,960,192,920,1026,174,3481,196,47,18,8,54,1649,199,766,93,19,171,42,159,21,37,49,40,68,293740,1778,33021
2020-05-02,22434,10538,12176,664,1228,134,942,5,165,819,164,643,866,118,2982,131,27,18,9,50,1504,158,767,115,19,124,27,155,19,39,43,31,48,256261,1564,29154
2020-05-03,23554,10916,12581,667,1293,126,893,6,105,724,139,605,958,132,3053,144,47,25,12,63,1685,159,787,106,18,166,26,192,23,38,55,39,58,227063,1231,25701
2020-05-04,26783,12826,14656,740,1460,145,1111,4,146,888,148,889,1002,137,3497,196,58,20,7,74,1704,168,1022,105,13,163,42,167,30,37,56,41,74,241642,1035,22649
2020-05-05,27243,12615,14882,669,1446,193,1065,4,140,955,162,979,1112,191,4027,163,53,16,10,54,1813,195,931,109,32,221,52,228,33,32,61,48,71,283185,2452,22444
2020-05-06,27410,12381,14520,848,1489,180,1203,8,127,914,166,807,1320,171,3596,191,53,21,7,70,1652,152,1034,129,17,187,47,179,38,47,63,42,72,266483,1950,25115
2020-05-07,27504,12062,14280,793,1546,186,1228,5,126,973,195,704,1182,161,3511,196,58,21,9,69,1663,162,985,113,10,167,47,162,28,40,70,25,83,293284,2752,27537
2020-05-08,25842,11248,13122,872,1566,173,1205,3,210,1094,179,887,1163,162,3652,189,63,22,8,58,1581,171,917,130,18,144,48,168,21,34,69,34,65,316016,1798,27222
2020-05-09,23925,10163,11394,625,1427,152,1033,1,98,942,187,716,1408,115,3300,197,68,26,9,55,1480,152,744,100,14,175,29,181,20,30,57,30,59,294385,1445,25218
2020-05-10,23720,10075,11365,641,1333,185,944,2,91,819,142,716,1388,195,3327,198,52,21,7,56,1719,135,697,95,14,174,42,217,30,31,74,38,41,261062,1036,21055
2020-05-11,26335,11104,12319,799,1563,173,1111,6,109,867,125,746,1392,175,3519,185,43,24,7,70,1612,168,894,128,17,161,54,171,25,44,80,41,63,391193,892,18377
2020-05-12,28144,11909,13319,858,1679,212,1166,3,124,1135,142,977,1327,205,3769,181,48,24,10,61,1695,158,905,113,16,166,43,174,30,42,63,50,63,324000,1487,22890
2020-05-13,28677,11897,13153,865,1662,161,1269,1,126,1060,203,925,1404,164,3794,188,57,34,7,47,1708,173,1079,128,19,165,56,184,45,39,64,55,69,321145,1704,21285
2020-05-14,29683,12051,13429,853,1841,216,1220,4,124,1016,202,900,1580,150,3935,193,50,23,27,62,1911,199,1182,143,25,172,44,199,38,46,69,49,71,372529,1880,26785
2020-05-15,28443,11721,12770,785,1628,203,1188,4,145,914,139,753,1594,144,4052,208,43,13,24,63,1866,214,1242,121,17,162,41,159,30,40,69,44,63,377796,1507,24685
2020-05-16,23222,9317,9676,616,1511,196,1006,2,102,738,151,656,1459,110,2863,159,42,17,7,54,1349,146,808,105,5,151,42,158,36,32,52,37,57,364793,988,24702
2020-05-17,23347,9610,10225,630,1314,133,950,2,107,838,169,737,1498,127,2915,175,49,22,14,52,1458,179,1025,81,9,157,46,205,27,26,58,36,46,371698,849,20009
2020-05-18,28208,11909,12135,679,1435,163,1060,2,144,981,154,817,1655,155,4045,234,53,27,12,66,1715,173,1327,223,49,420,92,533,96,90,188,107,185,373216,848,21028
2020-05-19,27654,11700,11466,715,1527,185,1128,4,144,1250,200,694,1703,137,3919,182,56,19,10,48,1626,189,1243,101,20,172,57,227,31,30,70,53,57,408976,1326,20897
2020-05-20,25953,10541,10767,578,1595,181,1037,4,106,949,202,723,1508,114,3288,179,57,28,13,49,1382,144,881,111,11,152,39,167,32,36,58,31,77,417691,1399,21308
2020-05-21,27455,11005,11202,673,1681,160,1154,9,151,1127,224,677,1856,171,3306,182,46,21,7,54,1398,121,947,125,12,157,56,191,44,34,56,52,51,475278,1394,26688
2020-05-22,25810,10310,10597,652,1525,171,1087,6,201,1041,166,639,1711,121,3040,156,45,25,8,51,1266,130,827,107,8,156,47,163,38,37,57,44,54,418620,1341,24433
2020-05-23,22384,8648,9205,555,1237,130,902,3,123,792,117,615,1418,130,2438,169,53,24,6,49,1199,110,885,85,13,99,38,138,25,19,49,31,40,379641,1063,21531
2020-05-24,24116,9207,9263,563,1257,124,882,4,141,914,152,680,1449,128,2439,193,42,17,11,57,1461,119,730,88,15,146,56,136,44,32,69,48,68,379908,680,20072
2020-05-25,24646,9298,9777,563,1350,134,942,6,186,933,174,628,1565,132,2449,176,47,23,7,50,1326,158,649,94,11,135,42,122,40,17,60,30,68,428313,559,18671
2020-05-26,26643,9912,10373,662,1430,148,1011,5,128,888,177,722,1676,148,2874,215,54,31,11,58,1721,158,740,119,16,147,62,165,39,33,68,36,61,313798,645,16825
2020-05-27,25472,9387,9730,566,1525,168,1062,7,118,806,207,579,1581,123,2736,193,46,24,8,53,1378,130,706,104,11,131,35,138,24,19,51,22,57,323130,1321,19447
2020-05-28,25969,9523,9469,650,1569,164,1055,20,145,953,253,573,1603,114,2737,205,59,27,11,51,1566,180,662,112,7,139,43,156,46,34,54,38,82,443869,1231,22622
2020-05-29,23307,8580,8462,587,1444,158,908,18,143,999,208,678,1377,139,2342,182,38,21,10,60,1097,116,570,87,14,102,33,96,30,25,72,35,57,500038,1184,23572
2020-05-30,19870,6981,7521,402,1165,114,767,74,81,774,154,524,1093,93,1765,170,45,17,3,48,839,71,491,74,4,78,38,99,23,20,39,26,48,433153,932,23682
2020-05-31,23194,7844,7954,532,1346,127,823,114,128,984,212,555,1319,117,1703,208,30,21,9,71,930,75,384,75,9,79,22,87,22,15,51,22,37,401575,652,21558
2020-06-01,26107,8656,8861,675,1390,152,855,171,178,1113,291,620,1219,129,1758,213,49,28,12,84,1013,87,448,69,5,97,28,100,17,13,45,32,64,413467,668,20485
2020-06-02,24672,7949,7784,530,1358,134,918,253,181,1143,277,510,1164,117,1664,218,48,20,16,74,986,67,345,84,9,72,27,101,17,24,52,29,57,434633,962,20109
2020-06-03,26348,8687,8470,560,1613,154,1061,338,170,1037,291,544,1515,151,2111,199,48,36,14,83,1092,119,416,78,5,72,29,101,17,18,50,23,56,476541,993,20390
2020-06-04,26981,8620,8273,584,1529,170,999,391,154,1014,273,494,1477,143,2345,168,46,22,8,78,1207,89,445,113,10,110,35,91,26,29,53,26,59,482416,893,20886
2020-06-05,25615,8418,8529,688,1566,176,1083,390,143,917,242,491,1502,128,2196,175,46,17,16,77,1034,108,484,87,9,104,42,103,20,23,57,28,56,515091,826,23394
2020-06-06,20826,6585,6665,467,1245,138,796,428,108,653,176,425,1227,92,1901,183,38,13,7,53,845,95,382,77,5,90,29,100,14,22,47,18,51,545022,728,23064
2020-06-07,21099,7023,6705,515,1212,153,801,496,157,710,172,453,1326,108,1802,141,40,11,16,48,948,104,399,75,9,75,35,83,24,26,51,22,47,422043,447,18740
2020-06-08,24567,8053,7912,644,1407,151,869,523,148,807,218,526,1587,122,2252,178,50,24,6,68,939,68,553,98,4,114,36,127,26,26,50,30,52,414342,661,17209
2020-06-09,22861,7494,7468,629,1409,190,903,400,141,763,224,463,1580,138,2205,155,51,20,16,50,799,89,548,77,8,116,37,114,28,28,53,33,47,440360,902,17312
2020-06-10,23234,7461,7177,570,1604,165,995,372,164,730,212,470,1496,157,2605,147,60,31,12,65,703,134,517,80,20,90,39,217,31,25,50,29,50,435890,887,20894
2020-06-11,22845,7139,7488,563,1426,192,948,338,114,596,207,389,1534,124,2476,152,43,20,9,70,764,115,541,78,14,124,46,140,42,23,63,41,56,471207,899,22153
2020-06-12,22688,7053,7030,606,1389,209,957,305,142,760,197,380,1571,98,2641,174,45,29,16,60,760,144,537,101,11,134,56,152,41,30,81,46,59,599084,775,23597
2020-06-13,20309,6380,6536,472,1240,154,922,291,94,566,155,406,1633,84,2322,150,50,25,8,56,758,125,548,113,19,143,55,108,22,42,65,33,70,508866,694,25376
2020-06-14,19290,5986,6194,388,1058,121,744,293,79,573,145,393,1584,90,2186,138,59,19,8,50,669,82,487,81,5,82,46,143,21,24,56,30,63,479218,356,21399
2020-06-15,23266,7061,7397,471,1575,155,1131,302,144,804,217,446,1856,117,2474,165,38,24,15,60,791,62,470,108,17,118,53,135,29,37,71,38,69,444622,381,18649
2020-06-16,25449,7760,8082,579,1617,160,1147,281,133,912,200,560,1799,98,3438,197,48,16,11,56,924,109,580,107,13,139,60,162,45,42,61,44,70,478423,730,23478
2020-06-17,25403,7836,7636,627,1624,153,1105,288,130,877,189,642,2387,139,3022,170,52,22,14,62,956,124,547,82,12,128,36,121,27,27,67,45,61,506063,767,24001
2020-06-18,24154,7117,6853,541,1544,174,1153,224,123,813,212,525,2384,107,2634,171,54,35,10,51,856,50,474,98,11,128,41,103,19,21,62,38,62,537771,705,27746
2020-06-19,24705,7290,7625,499,1394,176,991,229,128,799,192,571,2961,124,2736,163,38,38,16,40,880,92,548,120,10,161,45,117,32,22,55,49,52,589421,655,31471
2020-06-20,23221,6787,6499,444,1410,136,943,290,134,1003,199,423,2462,133,2491,173,50,21,10,47,853,59,512,110,12,115,43,103,29,27,74,23,46,554584,629,32294
2020-06-21,22847,6446,6212,471,1325,138,983,302,250,1575,226,509,2097,85,2563,182,51,25,10,58,798,67,414,120,13,124,47,136,32,42,64,37,75,533274,294,27928
2020-06-22,24896,7150,6915,514,1504,158,1081,231,170,1065,255,476,1969,132,3158,196,60,29,12,62,817,98,554,106,24,111,62,129,27,34,76,38,73,474533,286,27281
2020-06-23,26689,7700,8085,534,1607,143,1024,229,167,1157,291,531,2411,135,3613,219,67,26,8,77,959,105,618,110,23,173,80,182,49,37,77,51,69,511771,710,33447
2020-06-24,28424,7940,8220,556,1681,171,1142,249,196,1143,275,506,2820,164,3536,223,71,26,14,66,985,100,638,122,13,139,53,154,36,30,70,44,64,541514,724,39075
2020-06-25,29603,8490,8927,641,1656,185,1078,277,172,1229,301,530,3495,158,3733,194,54,34,6,69,1163,98,751,135,17,187,48,136,44,34,82,55,72,646500,647,39637
2020-06-26,32015,9251,9584,678,1547,192,1228,340,246,1250,259,468,3900,148,3867,249,50,27,12,79,1397,115,820,147,10,177,51,140,42,37,76,55,77,618253,637,44543
2020-06-27,27349,7735,8654,579,1344,178,1022,301,163,1036,267,456,3579,132,3117,211,51,28,12,64,1232,102,714,137,15,172,50,156,34,22,68,45,86,602940,511,43164
2020-06-28,26193,7364,7782,561,1302,123,856,287,194,1019,212,478,3269,119,3178,176,48,33,6,54,1077,79,651,162,14,204,90,177,57,48,117,49,116,581668,271,41570
2020-06-29,28553,8022,8632,533,1559,162,1087,286,176,1001,226,492,3329,126,3487,205,52,28,24,75,1008,84,998,143,14,182,70,160,48,40,111,62,103,669836,332,39813
2020-06-30,29565,8177,8590,598,1696,161,1199,305,179,1022,255,608,3190,149,3424,221,56,32,15,70,1165,88,855,151,15,166,51,151,37,38,77,48,84,646356,596,47864
2020-07-01,30097,8458,8720,561,1696,193,1214,305,208,1001,258,532,3588,151,3652,203,62,27,14,76,1235,102,858,130,16,162,52,154,55,32,97,46,90,651674,701,50981
2020-07-02,32382,8894,9421,642,1822,160,1239,282,183,1152,243,572,3719,164,3841,249,74,38,17,78,1572,102,912,144,20,169,68,154,39,42,71,51,64,675071,695,54085
2020-07-03,29716,8037,8817,531,1624,161,1229,280,145,1024,229,552,3659,114,3374,259,53,36,17,65,1262,98,815,126,16,182,47,150,35,29,85,58,87,708603,598,53948
2020-07-04,25311,6719,7560,426,1287,132,869,234,138,1076,174,510,2988,90,2937,197,51,21,9,50,1099,60,587,99,11,157,59,151,39,31,75,46,73,636301,306,54338
2020-07-05,24699,6349,6833,448,1352,158,957,212,156,842,218,460,2621,91,2598,191,47,24,11,70,1071,78,549,124,19,128,48,148,40,33,77,44,76,688552,209,45612
2020-07-06,31597,8470,8685,579,1739,191,1165,254,230,1235,271,610,3323,168,3573,284,70,40,18,65,1434,103,761,160,17,183,77,167,45,57,94,61,105,530614,243,41959
2020-07-07,34397,9160,10053,628,2106,229,1563,264,213,1229,298,573,3569,168,4010,260,59,28,14,63,1448,152,867,169,23,211,80,188,66,46,126,70,103,649222,923,51687
2020-07-08,36861,9644,9648,815,2124,220,1401,336,241,1629,318,741,4165,168,4015,320,100,46,17,70,1760,162,1228,163,27,203,104,223,48,50,125,85,114,660159,807,62672
2020-07-09,33531,8521,8419,706,1947,246,1385,249,180,1202,265,640,3838,155,3826,258,69,36,13,60,1500,128,893,183,26,181,78,209,60,50,103,57,121,720764,867,59157
2020-07-10,34519,8980,8857,702,2014,207,1407,244,204,1348,291,602,4317,131,4110,264,64,34,8,70,1505,127,876,200,21,190,84,189,60,62,126,69,120,824529,854,66846
2020-07-11,30218,7673,7966,557,1663,178,1172,203,150,1089,268,479,3992,117,3240,260,74,34,15,51,1276,121,734,193,17,172,73,176,52,53,108,37,105,714163,757,62895
2020-07-12,31481,7890,8193,650,1823,212,1123,219,189,1255,243,476,4103,116,3516,259,63,26,14,66,1456,131,757,183,14,184,79,178,47,50,111,77,100,768418,476,61312
2020-07-13,36390,9054,9065,694,2046,222,1373,225,207,1400,346,596,4442,163,4185,282,76,36,13,62,1694,150,1079,192,18,205,89,199,57,56,143,82,128,709098,327,58133
2020-07-14,38445,9685,9654,832,2191,237,1414,238,335,1712,330,686,4566,217,4445,305,78,42,23,72,1790,162,1203,190,35,207,81,224,67,40,103,86,104,777345,736,62687
2020-07-15,37551,9562,9426,737,2072,205,1456,255,249,1629,343,682,4759,158,4518,272,65,34,15,64,1650,172,1581,179,38,200,92,226,64,43,87,64,94,786692,858,65797
2020-07-16,36902,9360,9651,737,2007,198,1353,232,252,1723,419,670,5393,163,4316,272,70,36,14,99,1755,139,1425,218,19,238,65,205,56,49,117,75,113,838594,947,71036
2020-07-17,35788,9223,9094,692,1926,175,1290,196,212,1430,397,565,5330,148,4121,283,72,34,28,53,1721,135,1120,202,16,211,91,162,58,46,111,68,98,843822,951,76842
2020-07-18,27690,7054,7012,487,1563,163,975,166,167,1058,320,413,3534,96,3259,189,54,30,13,46,1298,130,829,163,29,155,122,202,70,49,112,67,97,772341,872,64951
2020-07-19,28945,7237,7475,544,1657,172,1021,203,197,1203,358,446,4114,121,3567,207,74,30,15,61,1326,156,983,153,16,213,84,183,48,44,119,58,100,780200,527,64260
2020-07-20,33136,8327,8525,593,1973,201,1246,248,275,1400,383,552,4160,159,3938,278,76,44,18,73,1437,164,1784,174,24,189,95,175,77,39,98,63,103,719832,363,57041
2020-07-21,32543,8065,7960,661,2012,198,1339,215,237,1192,298,558,4138,152,4012,258,69,32,18,68,1411,205,1409,190,20,181,91,170,51,43,73,51,81,769140,1039,63930
2020-07-22,32424,7695,7698,609,1988,191,1328,228,212,1221,309,713,3785,119,3918,243,82,34,11,72,1444,162,1187,142,13,173,77,157,50,32,130,61,127,811764,1171,69333
2020-07-23,31554,7764,7751,629,1900,218,1359,200,171,1142,287,542,3682,118,3809,265,85,29,21,74,1380,156,1049,134,9,168,51,165,49,25,89,63,80,854199,1056,71553
2020-07-24,33701,8022,7758,650,2032,191,1355,188,174,1317,323,572,3965,141,3467,267,66,41,20,59,1720,147,1005,183,27,177,86,175,50,45,142,64,132,942153,1176,75235
2020-07-25,26810,6449,6346,511,1579,158,1063,174,141,963,246,529,2873,95,2690,210,73,32,17,63,1107,112,770,142,25,144,85,163,48,34,109,53,92,793712,1023,64741
2020-07-26,26350,6108,6195,474,1588,139,1099,223,184,912,279,464,2969,93,2853,197,68,22,16,64,946,93,683,189,13,157,96,120,43,50,99,57,100,851125,559,61000
2020-07-27,33575,8057,7687,628,1904,211,1437,241,190,1199,345,590,3271,138,4033,262,66,39,13,64,1209,175,1233,139,21,141,78,155,50,46,109,47,113,779193,1060,55332
2020-07-28,36707,9022,7915,601,2044,190,1453,220,224,1402,344,603,3577,136,4151,286,67,37,24,74,1369,158,1229,160,21,167,71,155,43,32,108,61,92,781436,1122,59003
2020-07-29,35621,8584,8046,583,1949,220,1463,197,215,1455,331,511,3667,147,3760,266,81,42,22,70,1471,113,1151,145,19,160,79,155,59,47,115,47,101,850432,1492,64408
2020-07-30,39164,9663,9783,863,2170,210,1427,207,287,2142,850,561,4191,153,4605,341,86,38,9,71,1897,163,1146,296,78,454,184,486,120,104,295,140,300,829896,1259,69418
2020-07-31,35827,7940,7951,784,2421,229,1527,187,209,1580,587,527,3476,141,4029,283,94,50,18,58,1503,123,997,216,45,265,102,284,69,63,158,94,155,928163,1312,67623
2020-08-01,28783,6416,6659,531,1743,170,1138,168,162,1168,336,601,2696,106,2859,308,58,25,16,70,1088,89,914,116,15,129,66,120,47,30,80,49,76,751919,1190,61101
2020-08-02,29314,6715,7002,553,1592,147,1091,221,156,1234,305,508,3117,103,3365,223,64,28,12,73,1252,174,1036,141,17,140,112,151,55,41,109,65,92,703760,498,46812
2020-08-03,33110,7650,7471,588,1963,202,1319,183,232,1371,367,542,3101,120,3567,250,70,35,17,61,1366,194,1097,163,19,151,122,157,43,41,80,57,89,765730,519,49713
2020-08-04,35259,8081,7805,730,2192,188,1431,223,367,1992,516,609,3427,141,4249,291,70,29,15,62,1876,169,1092,181,17,164,94,151,40,37,86,54,102,731054,1255,51866
2020-08-05,31995,7160,7023,675,1924,222,1332,179,246,1381,333,498,2801,119,3630,282,76,42,18,78,1406,132,1089,133,13,156,89,159,45,28,102,42,97,712462,1346,52324
2020-08-06,32936,7500,7032,693,2002,186,1311,153,263,1335,375,506,2919,122,3278,244,82,37,26,64,1300,137,950,120,15,126,73,133,51,24,98,40,85,785235,1251,54187
2020-08-07,30811,6796,6609,640,1876,189,1282,127,212,1246,298,597,2590,105,3216,304,75,35,11,68,1325,162,877,95,16,138,67,124,42,23,76,41,88,803528,1333,61345
2020-08-08,26788,5815,5823,482,1550,148,1054,143,223,1088,326,450,2407,73,2732,225,70,36,3,51,1192,99,925,99,19,137,72,139,20,17,80,45,78,688702,1089,53712
2020-08-09,26633,5666,5798,487,1683,161,1116,120,162,1030,232,419,2472,92,2435,234,72,35,12,56,1079,89,907,113,16,106,79,111,41,24,84,51,75,726152,616,50627
2020-08-10,31169,6783,6520,579,1895,191,1326,155,176,1081,287,428,2515,80,3180,268,78,31,13,72,1291,95,785,111,14,139,71,127,50,31,81,40,94,753155,426,42089
2020-08-11,33263,7438,6877,654,1980,246,1217,159,368,1247,355,426,3033,99,3339,258,75,30,16,58,1266,157,1352,178,21,175,75,163,36,40,102,55,85,756116,1326,55701
2020-08-12,31534,6773,6333,761,1939,196,1244,164,494,1443,444,428,2747,96,3130,228,59,30,16,65,1189,139,1180,148,13,149,60,117,36,40,91,46,73,487484,1519,56134
2020-08-13,32057,7074,6209,597,2012,195,1350,133,342,1371,526,453,2883,106,3548,228,66,27,13,77,1227,129,1045,136,11,135,77,154,30,22,77,41,82,925197,1163,51759
2020-08-14,30194,6510,6144,575,1800,207,1320,135,290,1289,577,424,2571,92,3134,249,69,31,15,57,1036,88,1013,110,12,127,87,165,61,37,91,38,87,885486,1216,55636
2020-08-15,25478,5493,4777,442,1483,163,1012,134,235,1033,489,291,2269,81,2657,201,57,23,18,57,997,78,887,120,15,126,76,126,37,29,68,30,77,779619,1221,56149
2020-08-16,26097,5628,4809,442,1432,145,1015,114,216,1322,543,340,2283,74,2777,220,55,30,11,40,1162,124,731,99,21,100,59,123,37,27,68,34,68,808057,619,42487
2020-08-17,28796,6257,5555,494,1718,188,1172,148,283,1241,585,404,2397,108,2954,277,68,29,14,64,1230,104,840,90,15,131,50,124,48,14,74,49,73,685807,407,37880
2020-08-18,29495,6386,5491,599,1938,197,1277,152,364,1513,548,501,2378,121,3097,256,68,38,15,72,1074,146,845,123,6,152,94,102,37,37,73,36,73,673737,1196,40795
2020-08-19,28531,6259,5203,630,1753,197,1178,95,242,1046,362,424,2194,108,3103,211,67,34,12,84,944,155,1227,125,16,156,78,128,32,34,70,53,84,703917,1420,44955
2020-08-20,28937,5934,5104,565,2227,203,1287,125,264,1102,451,385,2268,91,2885,276,144,46,25,76,946,127,1100,132,7,132,58,123,39,28,90,54,94,726290,1134,43758
2020-08-21,28108,5792,5041,584,1816,189,1175,139,358,1210,366,427,2103,101,2636,228,56,30,12,70,968,113,850,94,16,107,44,116,34,18,86,39,93,785049,1123,46561
2020-08-22,23732,4746,4232,417,1571,207,1047,91,268,892,314,331,2055,80,2432,203,56,22,12,44,904,104,881,94,14,96,59,126,47,21,98,35,107,794254,1029,46236
2020-08-23,24059,4958,4528,443,1415,152,961,121,229,1017,303,348,2091,92,2346,190,63,30,14,52,908,92,768,110,11,131,58,135,33,29,86,41,96,645324,572,37566
2020-08-24,28978,5847,5327,563,1914,195,1213,144,312,1210,373,481,2428,120,2918,253,90,31,11,67,1175,128,922,91,8,127,66,141,48,21,76,39,80,713471,343,34643
2020-08-25,28759,6135,5511,618,1791,178,1194,124,305,1259,399,511,2296,131,3148,219,67,35,15,64,1078,150,947,97,9,156,66,129,45,22,86,46,88,664004,1147,36379
2020-08-26,28553,5841,5228,530,1796,189,1158,195,281,1164,385,571,2050,94,3201,210,83,29,17,74,1059,129,799,133,25,188,90,197,50,36,95,53,126,680581,1298,44053
2020-08-27,27884,5738,4866,566,1759,174,1195,214,308,1316,369,484,1902,120,3219,237,69,30,17,64,1037,137,697,116,12,131,61,126,41,19,80,48,77,791621,1129,43984
2020-08-28,27727,5525,4842,598,1831,177,1095,227,401,1774,359,514,2238,107,2835,229,69,33,14,65,1063,109,745,87,13,110,72,108,44,27,88,49,96,818699,1023,46548
2020-08-29,23367,4629,4193,469,1425,153,967,181,266,1029,266,372,1914,77,2499,201,79,20,7,57,871,109,688,91,9,86,56,89,48,14,84,42,77,815422,1015,44501
2020-08-30,24982,4892,4258,517,1534,181,1057,179,241,986,301,378,1825,87,2264,195,56,26,20,67,1542,104,793,86,6,107,48,91,32,17,72,36,70,774335,475,39501
2020-08-31,26625,5504,4327,592,1548,176,977,198,289,1184,336,380,1932,86,2398,218,61,36,46,66,1861,137,879,135,13,121,45,96,76,26,86,41,92,705130,366,31406
2020-09-01,29550,5804,4621,629,1888,184,1156,131,307,1240,327,454,2120,91,2988,226,54,24,32,71,1668,120,816,121,9,112,57,129,77,22,93,47,81,732413,1027,42433
2020-09-02,33327,6468,5319,777,1867,244,1379,377,300,1386,386,492,2869,122,2928,288,71,40,11,67,1814,101,1169,119,17,144,76,135,33,24,74,42,81,683904,1032,30603
2020-09-03,31335,6169,4917,619,1915,197,1300,292,333,1359,414,429,2415,120,3153,239,68,37,8,54,1540,97,1232,93,6,141,67,117,47,17,91,56,77,798189,1070,44714
2020-09-04,27270,5457,4405,574,1760,160,1111,169,281,1183,323,399,1969,115,2778,223,69,26,11,46,1166,56,974,88,16,125,58,113,47,14,118,41,92,949705,998,51591
2020-09-05,22210,4325,3526,413,1481,144,952,161,189,792,267,319,1599,60,2153,200,59,27,10,68,798,50,667,86,5,88,44,89,26,14,80,30,78,876560,918,44905
2020-09-06,23578,4459,3881,447,1363,122,865,152,192,860,271,326,1844,86,2307,207,65,22,13,39,950,47,748,89,1,120,59,103,28,18,79,31,59,782353,449,33117
2020-09-07,23850,4642,4027,449,1402,146,931,137,206,862,235,328,1826,77,2221,217,75,35,14,54,839,79,802,93,10,97,50,108,31,27,61,31,68,615271,225,28682
2020-09-08,27799,5545,4544,520,1617,192,1101,173,197,932,296,420,1819,85,2690,232,47,30,13,70,1138,77,1143,103,11,142,63,127,51,27,97,40,93,540044,358,22223
2020-09-09,29389,5889,5587,498,1691,194,1121,165,240,1558,371,552,2340,102,2818,223,72,38,9,44,1205,89,1223,92,15,163,89,129,49,17,106,67,96,626311,1083,31114
2020-09-10,30911,6163,5884,585,1812,190,1268,172,447,2171,388,627,2437,136,2806,243,83,40,27,60,1323,94,1003,100,8,131,58,122,29,11,70,44,74,690301,1170,37581
2020-09-11,29119,5523,5003,543,1800,160,1211,167,336,1727,366,527,2320,91,2461,236,105,44,13,65,1270,84,780,107,11,157,77,119,45,25,104,58,106,826358,1018,44927
2020-09-12,25287,4870,4251,430,1394,121,984,86,237,1329,265,445,2092,104,2223,193,62,28,16,53,955,58,643,107,13,109,58,101,42,28,106,46,89,903368,810,42090
2020-09-13,24700,4615,3772,501,1450,158,883,131,214,1079,273,432,2203,81,2121,188,72,19,8,65,842,113,666,100,17,167,63,129,45,23,107,63,103,728220,389,34453
2020-09-14,27945,5262,4654,466,1780,171,1052,175,305,1363,328,467,2726,95,2655,214,98,40,17,75,961,115,804,167,22,153,74,150,47,34,110,64,100,445836,404,33864
2020-09-15,27984,5497,4430,517,1757,184,1138,161,289,1303,335,460,2287,94,2845,215,69,35,17,56,1088,73,791,107,10,173,69,123,47,25,76,65,84,724756,1031,35445
2020-09-16,29492,5719,5091,518,1688,191,1144,133,383,1527,378,649,2507,118,3036,230,68,41,13,60,1220,96,1075,109,8,153,78,117,42,24,105,45,104,729637,1200,40021
2020-09-17,18330,3582,3257,361,1072,128,781,72,248,974,262,299,1839,61,1942,133,27,13,5,37,714,54,663,55,9,90,42,71,35,10,48,44,44,841941,863,43558
2020-09-18,27213,5457,4933,526,1663,172,1122,128,334,1356,388,543,2300,96,2862,218,71,35,8,59,1030,69,995,95,15,142,55,131,54,23,96,46,96,985004,901,47486
2020-09-19,22128,4157,3665,400,1303,161,948,101,255,1030,428,347,1809,75,2265,187,75,32,13,51,884,51,594,77,4,105,54,69,44,14,70,47,58,1066094,740,45564
2020-09-20,22388,4030,3534,434,1334,149,877,147,227,953,250,346,2078,72,2067,219,65,23,10,43,836,65,683,66,8,96,49,87,28,9,71,53,60,905323,327,36295
2020-09-21,11456,2159,1746,241,678,58,451,68,134,484,129,198,934,37,1104,105,41,12,8,27,472,53,372,39,3,58,18,54,19,5,49,17,39,725311,287,39472
2020-09-22,10551,1842,1742,236,576,55,432,57,133,507,166,190,933,39,1174,87,33,11,3,25,553,28,331,47,8,52,39,46,15,7,36,23,27,769953,854,49439
2020-09-23,28999,5362,4699,549,1798,191,1160,118,326,1362,427,501,2379,93,2954,222,67,48,27,67,1337,132,1034,101,12,165,78,143,50,21,100,56,96,923704,1157,38567
2020-09-24,23568,4545,3776,431,1379,138,902,127,287,1004,420,364,1799,84,2729,164,45,20,12,46,845,128,839,87,13,119,55,109,32,15,107,48,82,940353,921,43772
2020-09-25,17441,3337,2776,317,1072,104,736,84,204,667,313,268,1380,48,1904,150,36,21,8,34,582,57,468,65,10,85,46,83,24,18,69,27,57,1011675,844,55526
2020-09-26,22447,4195,3545,343,1354,120,879,110,230,934,359,393,1996,64,1990,208,67,26,12,65,767,90,650,80,12,98,64,100,29,19,77,44,73,1018775,869,47856
2020-09-27,23316,4125,3445,416,1440,136,923,105,285,1056,377,410,1844,73,2045,207,69,10,12,47,902,86,623,94,11,102,52,87,35,22,82,44,69,825248,307,35454
2020-09-28,24603,4497,4040,491,1535,153,1041,86,364,1175,399,391,1905,85,2375,223,85,24,13,45,911,103,702,91,7,119,66,111,28,28,81,43,77,1010138,257,36524
2020-09-29,28549,5069,4296,573,1671,173,1093,131,438,1244,406,431,2365,88,2855,245,57,30,9,47,1022,114,945,111,10,137,98,126,46,28,104,45,87,812773,739,36947
2020-09-30,28285,4905,4092,905,1700,158,1019,128,1508,2639,562,472,2145,138,2706,228,67,30,12,41,981,81,852,194,30,215,158,227,81,67,253,83,241,790981,1061,44424
2020-10-01,27641,4802,4180,543,1748,177,1095,116,482,1422,454,437,2177,105,2942,228,74,43,17,52,958,84,886,164,38,224,169,251,94,62,288,83,257,899458,847,45694
2020-10-02,56843,10489,10708,826,1794,180,1191,123,3327,14093,2392,903,4324,104,7525,418,76,22,12,62,2216,117,819,163,25,251,149,239,59,36,205,52,180,1118386,835,49534
