count,time
1,1582416000
0,1582502400
2,1582588800
2,1582675200
1,1582761600
5,1582848000
5,1582934400
8,1583020800
9,1583107200
20,1583193600
53,1583280000
35,1583366400
31,1583452800
27,1583539200
29,1583625600
55,1583712000
80,1583798400
194,1583884800
176,1583971200
151,1584057600
84,1584144000
98,1584230400
281,1584316800
150,1584403200
294,1584489600
160,1584576000
138,1584662400
129,1584748800
152,1584835200
153,1584921600
133,1585008000
189,1585094400
150,1585180800
153,1585267200
156,1585353600
138,1585440000
147,1585526400
169,1585612800
108,1585699200
147,1585785600
138,1585872000
107,1585958400
160,1586044800
145,1586131200
171,1586217600
538,1586304000
346,1586390400
221,1586476800
106,1586563200
152,1586649600
229,1586736000
214,1586822400
192,1586908800
154,1586995200
177,1587081600
111,1587168000
123,1587254400
109,1587340800
108,1587427200
107,1587513600
104,1587600000
138,1587686400
124,1587772800
113,1587859200
141,1587945600
153,1588032000
137,1588118400
193,1588204800
130,1588291200
165,1588377600
105,1588464000
146,1588550400
140,1588636800
127,1588723200
126,1588809600
210,1588896000
98,1588982400
91,1589068800
109,1589155200
124,1589241600
126,1589328000
124,1589414400
145,1589500800
102,1589587200
107,1589673600
144,1589760000
144,1589846400
106,1589932800
151,1590019200
201,1590105600
123,1590192000
141,1590278400
186,1590364800
128,1590451200
118,1590537600
145,1590624000
143,1590710400
81,1590796800
129,1590883200
178,1590969600
181,1591056000
170,1591142400
154,1591228800
143,1591315200
108,1591401600
157,1591488000
148,1591574400
141,1591660800
164,1591747200
114,1591833600
142,1591920000
94,1592006400
79,1592092800
144,1592179200
133,1592265600
130,1592352000
123,1592438400
128,1592524800
134,1592611200
250,1592697600
170,1592784000
167,1592870400
196,1592956800
172,1593043200
246,1593129600
163,1593216000
194,1593302400
176,1593388800
179,1593475200
208,1593561600
183,1593648000
145,1593734400
138,1593820800
156,1593907200
230,1593993600
213,1594080000
241,1594166400
180,1594252800
204,1594339200
150,1594425600
189,1594512000
207,1594598400
335,1594684800
249,1594771200
252,1594857600
212,1594944000
167,1595030400
197,1595116800
275,1595203200
237,1595289600
212,1595376000
171,1595462400
175,1595548800
141,1595635200
184,1595721600
190,1595808000
224,1595894400
215,1595980800
287,1596067200
209,1596153600
162,1596240000
156,1596326400
232,1596412800
367,1596499200
246,1596585600
263,1596672000
212,1596758400
223,1596844800
162,1596931200
176,1597017600
368,1597104000
494,1597190400
342,1597276800
290,1597363200
235,1597449600
216,1597536000
283,1597622400
364,1597708800
242,1597795200
264,1597881600
358,1597968000
268,1598054400
229,1598140800
312,1598227200
305,1598313600
281,1598400000
308,1598486400
401,1598572800
266,1598659200
241,1598745600
289,1598832000
307,1598918400
300,1599004800
333,1599091200
281,1599177600
189,1599264000
192,1599350400
206,1599436800
197,1599523200
240,1599609600
447,1599696000
336,1599782400
237,1599868800
214,1599955200
305,1600041600
289,1600128000
383,1600214400
248,1600300800
334,1600387200
255,1600473600
227,1600560000
134,1600646400
133,1600732800
326,1600819200
287,1600905600
204,1600992000
230,1601078400
285,1601164800
364,1601251200
438,1601337600
1508,1601424000
482,1601510400
3328,1601596800
646,1601683200
